{"cameraMode":{"drawMode":0,"name":"Shaded","section":"Shading Mode"},"sceneLighting":false,"audioPlay":false,"sceneViewState":{"showFog":true,"showMaterialUpdate":false,"showSkybox":false,"showFlares":true,"showImageEffects":true,"showParticleSystems":true},"in2DMode":false,"pivot":{"x":1.2390823364257813,"y":1.2289085388183594,"z":-6.712679386138916},"rotation":{"x":-0.12257838249206543,"y":0.8207120895385742,"z":-0.19199950993061067,"w":-0.5239678621292114},"size":10.0,"orthographic":false}